Genotype,Treatment,Rep,Da,Total_Buds,7Day_Potted_Budbreak,14Day_Potted_Budbreak,21Day_Potted_Budbreak,28Day_Potted_Budbreak,35Day_Potted_Budbreak,42Day_Potted_Budbreak,49Day_Potted_Budbreak,56Day_Potted_Budbreak,63Day_Potted_Budbreak,70Day_Potted_Budbreak,,Date_1st_Floral_Lateral,7Day_Potted_FloralLaterals,14Day_Potted_FloralLaterals,21Day_Potted_FloralLaterals,28Day_Potted_FloralLaterals,35Day_Potted_FloralLaterals,42Day_Potted_FloralLaterals,49Day_Potted_FloralLaterals,56Day_Potted_FloralLaterals,63Day_Potted_FloralLaterals,70Day_Potted_FloralLaterals,,Day_1st_Open_Flower,7Day_Potted_OpenFlowers,14Day_Potted_OpenFlowers,21Day_Potted_OpenFlowers,28Day_Potted_OpenFlowers,35Day_Potted_OpenFlowers,42Day_Potted_OpenFlowers,49Day_Potted_OpenFlowers,56Day_Potted_OpenFlowers,63Day_Potted_OpenFlowers,70Day_Potted_OpenFlowers
A-2491T,0,1,21,88,0,0,0.01,0.03,0.03,0.08,0.08,0.08,0.09,0.1,,56,0,0,0,0,0,0,0,0.02,0.06,0.06,,56,0,0,0,0,0,0,0,2,5,14
A-2491T,0,2,42,100,0,0,0,0,0,0.01,0.02,0.11,0.17,0.17,,63,0,0,0,0,0,0,0,0,0.06,0.06,,70,0,0,0,0,0,0,0,0,0,2
A-2491T,0,3,42,100,0,0,0,0,0,0.03,0.03,0.11,0.17,0.19,,56,0,0,0,0,0,0,0,0.02,0.02,0.03,,63,0,0,0,0,0,0,0,0,1,7
A-2491T,0,4,28,100,0,0,0,0.01,0.03,0.07,0.07,0.07,0.08,0.1,,56,0,0,0,0,0,0,0,0.06,0.06,0.06,,63,0,0,0,0,0,0,0,0,3,12
A-2491T,0,5,28,100,0,0,0,0.02,0.02,0.03,0.03,0.11,0.14,0.16,,56,0,0,0,0,0,0,0,0.03,0.04,0.05,,70,0,0,0,0,0,0,0,0,0,1
A-2491T,0,6,28,100,0,0,0,0.02,0.03,0.04,0.06,0.12,0.13,0.13,,42,0,0,0,0,0,0.01,0.01,0.02,0.05,0.08,,56,0,0,0,0,0,0,0,1,2,4
A-2491T,1,1,21,61,0,0,0.03,0.05,0.1,0.13,0.15,0.18,0.2,0.33,,35,0,0,0,0,0.02,0.03,0.03,0.08,0.1,0.16,,56,0,0,0,0,0,0,0,1,12,14
A-2491T,1,2,42,100,0,0,0,0,0,0.01,0.04,0.04,0.08,0.09,,63,0,0,0,0,0,0,0,0,0.02,0.04,,,0,0,0,0,0,0,0,0,0,0
A-2491T,1,3,28,74,0,0,0,0.04,0.05,0.07,0.12,0.12,0.15,0.18,,56,0,0,0,0,0,0,0,0.07,0.07,0.07,,70,0,0,0,0,0,0,0,0,0,14
A-2491T,1,4,49,100,0,0,0,0,0,0,0.05,0.07,0.12,0.15,,70,0,0,0,0,0,0,0,0,0,0.02,,,0,0,0,0,0,0,0,0,0,0
A-2491T,1,5,28,81,0,0,0,0.01,0.01,0.01,0.06,0.07,0.14,0.17,,56,0,0,0,0,0,0,0,0.01,0.02,0.07,,70,0,0,0,0,0,0,0,0,0,1
A-2491T,1,6,35,69,0,0,0,0,0.01,0.04,0.04,0.14,0.14,0.19,,56,0,0,0,0,0,0,0,0.06,0.06,0.07,,70,0,0,0,0,0,0,0,0,0,7
A-2491T,2,1,28,91,0,0,0,0.01,0.02,0.09,0.16,0.16,0.16,0.23,,49,0,0,0,0,0,0,0.03,0.07,0.09,0.12,,56,0,0,0,0,0,0,0,1,7,15
A-2491T,2,2,7,100,0.01,0.01,0.01,0.01,0.01,0.05,0.07,0.11,0.11,0.18,,49,0,0,0,0,0,0,0.03,0.06,0.07,0.12,,63,0,0,0,0,0,0,0,0,1,13
A-2491T,2,3,35,100,0,0,0,0,0.01,0.03,0.06,0.09,0.18,0.19,,49,0,0,0,0,0,0,0.03,0.04,0.06,0.07,,63,0,0,0,0,0,0,0,0,4,10
A-2491T,2,4,7,95,0.01,0.01,0.01,0.01,0.07,0.11,0.15,0.14,0.19,0.2,,49,0,0,0,0,0,0,0.07,0.08,0.11,0.15,,63,0,0,0,0,0,0,0,0,22,49
A-2491T,2,5,35,100,0,0,0,0,0.01,0.04,0.15,0.15,0.23,0.24,,49,0,0,0,0,0,0,0.01,0.03,0.05,0.08,,,0,0,0,0,0,0,0,0,0,0
A-2491T,2,6,7,79,0.01,0.03,0.03,0.03,0.05,0.08,0.11,0.18,0.22,0.24,,49,0,0,0,0,0,0,0.01,0.06,0.14,0.16,,56,0,0,0,0,0,0,0,1,3,11
A-2491T,3,1,7,69,0.03,0.06,0.07,0.13,0.2,0.3,0.3,0.33,0.33,0.41,,21,0,0,0.01,0.01,0.01,0.07,0.1,0.16,0.17,0.23,,35,0,0,0,0,1,2,14,16,21,36
A-2491T,3,2,21,85,0,0,0.01,0.06,0.13,0.15,0.21,0.22,0.21,0.22,,42,0,0,0,0,0,0.05,0.09,0.09,0.09,0.18,,56,0,0,0,0,0,0,0,8,17,30
A-2491T,3,3,28,100,0,0,0,0.03,0.12,0.12,0.13,0.14,0.16,0.22,,42,0,0,0,0,0,0.03,0.04,0.05,0.11,0.13,,56,0,0,0,0,0,0,0,1,9,28
A-2491T,3,4,14,100,0,0.01,0.04,0.11,0.14,0.12,0.19,0.2,0.2,0.2,,35,0,0,0,0,0.01,0.05,0.08,0.1,0.1,0.1,,49,0,0,0,0,0,0,2,6,17,33
A-2491T,3,5,35,100,0,0,0,0,0.07,0.22,0.33,0.33,0.36,0.39,,35,0,0,0,0,0.01,0.02,0.02,0.06,0.06,0.13,,63,0,0,0,0,0,0,0,0,1,4
A-2491T,3,6,28,100,0,0,0,0.02,0.17,0.14,0.2,0.2,0.2,0.24,,42,0,0,0,0,0,0.02,0.04,0.06,0.09,0.09,,56,0,0,0,0,0,0,0,1,22,37
A-2491T,4,1,14,100,0,0.01,0.08,0.19,0.19,0.19,0.2,0.2,0.27,0.27,,35,0,0,0,0,0.04,0.07,0.08,0.12,0.19,0.21,,42,0,0,0,0,0,1,13,38,55,63
A-2491T,4,2,21,85,0,0,0.01,0.05,0.12,0.13,0.19,0.19,0.29,0.29,,42,0,0,0,0,0,0.06,0.12,0.12,0.18,0.22,,42,0,0,0,0,0,1,6,13,26,41
A-2491T,4,3,28,90,0,0,0,0.12,0.21,0.27,0.27,0.29,0.36,0.36,,35,0,0,0,0,0.01,0.11,0.11,0.11,0.18,0.23,,49,0,0,0,0,0,0,1,8,18,25
A-2491T,4,4,21,100,0,0,0.08,0.14,0.17,0.17,0.2,0.2,0.23,0.26,,35,0,0,0,0,0.05,0.08,0.1,0.11,0.16,0.19,,49,0,0,0,0,0,0,13,37,47,53
A-2491T,4,5,21,97,0,0,0.03,0.11,0.21,0.22,0.22,0.22,0.27,0.33,,35,0,0,0,0,0.02,0.06,0.06,0.11,0.13,0.24,,56,0,0,0,0,0,0,0,23,41,65
A-2491T,4,6,21,100,0,0,0.05,0.12,0.22,0.23,0.25,0.27,0.31,0.31,,35,0,0,0,0,0.04,0.04,0.04,0.12,0.15,0.2,,49,0,0,0,0,0,0,6,28,36,51
A-2491T,5,1,21,93,0,0,0.06,0.34,0.35,0.38,0.45,0.45,0.48,0.49,,35,0,0,0,0,0.02,0.04,0.1,0.14,0.17,0.19,,49,0,0,0,0,0,0,5,10,30,41
A-2491T,5,2,14,100,0,0.04,0.2,0.21,0.25,0.25,0.25,0.25,0.29,0.29,,28,0,0,0,0.04,0.12,0.19,0.19,0.19,0.2,0.23,,42,0,0,0,0,0,5,41,43,73,77
A-2491T,5,3,14,100,0,0.04,0.12,0.26,0.26,0.27,0.29,0.29,0.29,0.34,,28,0,0,0,0.04,0.05,0.09,0.1,0.17,0.17,0.17,,42,0,0,0,0,0,7,30,37,38,46
A-2491T,5,4,21,100,0,0,0.31,0.34,0.34,0.34,0.37,0.37,0.37,0.42,,35,0,0,0,0,0.14,0.17,0.17,0.17,0.17,0.23,,42,0,0,0,0,0,4,5,11,11,15
A-2491T,5,5,21,75,0,0,0.13,0.39,0.44,0.57,0.6,0.6,0.64,0.64,,35,0,0,0,0,0.05,0.07,0.17,0.17,0.24,0.25,,49,0,0,0,0,0,0,4,7,17,32
A-2491T,5,6,14,88,0,0.05,0.13,0.28,0.28,0.28,0.28,0.31,0.31,0.36,,28,0,0,0,0.07,0.11,0.11,0.15,0.15,0.2,0.24,,42,0,0,0,0,0,4,32,35,49,62
Natchez,0,1,49,100,0,0,0,0,0,0,0.01,0.05,0.08,0.14,,63,0,0,0,0,0,0,0,0,0.01,0.02,,,0,0,0,0,0,0,0,0,0,0
Natchez,0,2,49,100,0,0,0,0,0,0,0.03,0.03,0.03,0.05,,63,0,0,0,0,0,0,0,0,0.01,0.02,,,0,0,0,0,0,0,0,0,0,0
Natchez,0,3,42,100,0,0,0,0,0,0.01,0.01,0.02,0.05,0.12,,63,0,0,0,0,0,0,0,0,0.01,0.03,,,0,0,0,0,0,0,0,0,0,0
Natchez,0,4,35,100,0,0,0,0,0.02,0.03,0.04,0.08,0.08,0.11,,56,0,0,0,0,0,0,0,0.02,0.04,0.05,,63,0,0,0,0,0,0,0,0,1,4
Natchez,0,5,28,100,0,0,0,0.01,0.01,0.01,0.01,0.01,0.02,0.03,,42,0,0,0,0,0,0.01,0.01,0.01,0.01,0.01,,63,0,0,0,0,0,0,0,0,3,3
Natchez,0,6,63,100,0,0,0,0,0,0,0,0,0.01,0.02,,63,0,0,0,0,0,0,0,0,0.01,0.01,,,0,0,0,0,0,0,0,0,0,0
Natchez,1,1,63,100,0,0,0,0,0,0,0,0,0.04,0.04,,63,0,0,0,0,0,0,0,0,0.01,0.04,,,0,0,0,0,0,0,0,0,0,0
Natchez,1,2,49,100,0,0,0,0,0,0,0.01,0.01,0.02,0.02,,42,0,0,0,0,0,0.01,0.04,0.04,0.04,0.04,,,0,0,0,0,0,0,0,0,0,0
Natchez,1,3,56,100,0,0,0,0,0,0,0,0.02,0.03,0.05,,70,0,0,0,0,0,0,0,0,0,0.03,,,0,0,0,0,0,0,0,0,0,0
Natchez,1,4,35,100,0,0,0,0,0.01,0.01,0.02,0.07,0.13,0.15,,63,0,0,0,0,0,0,0,0,0.01,0.07,,,0,0,0,0,0,0,0,0,0,0
Natchez,1,5,63,100,0,0,0,0,0,0,0,0,0.02,0.05,,,0,0,0,0,0,0,0,0,0,0,,,0,0,0,0,0,0,0,0,0,0
Natchez,1,6,49,100,0,0,0,0,0,0,0.01,0.04,0.08,0.08,,56,0,0,0,0,0,0,0,0.02,0.03,0.03,,,0,0,0,0,0,0,0,0,0,0
Natchez,2,1,42,100,0,0,0,0,0,0.02,0.08,0.13,0.15,0.16,,42,0,0,0,0,0,0.01,0.01,0.05,0.07,0.1,,63,0,0,0,0,0,0,0,0,1,6
Natchez,2,2,28,90,0,0,0,0.01,0.01,0.01,0.03,0.07,0.08,0.08,,49,0,0,0,0,0,0,0.01,0.01,0.02,0.06,,63,0,0,0,0,0,0,0,0,1,3
Natchez,2,3,7,100,0.01,0.01,0.01,0.01,0.01,0.03,0.13,0.16,0.18,0.18,,49,0,0,0,0,0,0,0.02,0.04,0.08,0.11,,63,0,0,0,0,0,0,0,0,2,6
Natchez,2,4,7,100,0.01,0.01,0.01,0.01,0.01,0.02,0.05,0.12,0.17,0.17,,56,0,0,0,0,0,0,0,0.06,0.13,0.14,,70,0,0,0,0,0,0,0,0,0,2
Natchez,2,5,21,100,0,0,0.01,0.01,0.01,0.01,0.05,0.07,0.08,0.09,,49,0,0,0,0,0,0,0.01,0.01,0.04,0.04,,70,0,0,0,0,0,0,0,0,0,4
Natchez,2,6,49,100,0,0,0,0,0,0,0.01,0.05,0.08,0.09,,56,0,0,0,0,0,0,0,0.01,0.03,0.03,,,0,0,0,0,0,0,0,0,0,0
Natchez,3,1,35,98,0,0,0,0,0.01,0.07,0.08,0.08,0.09,0.12,,49,0,0,0,0,0,0,0.02,0.02,0.03,0.04,,63,0,0,0,0,0,0,0,0,2,5
Natchez,3,2,14,100,0,0.01,0.01,0.01,0.03,0.07,0.16,0.16,0.18,0.21,,42,0,0,0,0,0,0.02,0.07,0.14,0.14,0.18,,63,0,0,0,0,0,0,0,0,11,19
Natchez,3,3,28,70,0,0,0,0.09,0.17,0.31,0.33,0.34,0.36,0.36,,42,0,0,0,0,0,0.07,0.11,0.16,0.2,0.2,,56,0,0,0,0,0,0,0,5,15,15
Natchez,3,4,35,100,0,0,0,0,0.01,0.07,0.12,0.14,0.14,0.15,,49,0,0,0,0,0,0,0.06,0.09,0.12,0.12,,56,0,0,0,0,0,0,0,2,7,16
Natchez,3,5,35,90,0,0,0,0,0.01,0.09,0.11,0.2,0.2,0.2,,28,0,0,0,0.01,0.01,0.01,0.08,0.12,0.14,0.14,,63,0,0,0,0,0,0,0,0,5,15
Natchez,3,6,28,100,0,0,0,0.05,0.08,0.1,0.18,0.19,0.21,0.21,,42,0,0,0,0,0,0.05,0.08,0.14,0.14,0.14,,49,0,0,0,0,0,0,1,5,14,32
Natchez,4,1,21,100,0,0,0.01,0.01,0.04,0.13,0.13,0.15,0.22,0.23,,35,0,0,0,0,0.01,0.02,0.09,0.11,0.15,0.17,,49,0,0,0,0,0,0,3,8,13,29
Natchez,4,2,28,100,0,0,0,0.01,0.14,0.17,0.17,0.17,0.2,0.28,,42,0,0,0,0,0,0.07,0.08,0.11,0.15,0.15,,49,0,0,0,0,0,0,1,10,27,38
Natchez,4,3,21,100,0,0,0.01,0.03,0.09,0.1,0.11,0.12,0.15,0.17,,42,0,0,0,0,0,0.06,0.08,0.11,0.11,0.12,,56,0,0,0,0,0,0,0,5,32,61
Natchez,4,4,21,100,0,0,0.01,0.08,0.1,0.19,0.19,0.19,0.19,0.22,,35,0,0,0,0,0.01,0.06,0.11,0.12,0.12,0.15,,49,0,0,0,0,0,0,4,17,37,64
Natchez,4,5,21,95,0,0,0.02,0.05,0.08,0.13,0.13,0.13,0.15,0.18,,35,0,0,0,0,0.01,0.03,0.08,0.12,0.12,0.14,,42,0,0,0,0,0,1,3,12,19,33
Natchez,4,6,21,90,0,0,0.03,0.12,0.23,0.26,0.28,0.32,0.32,0.36,,35,0,0,0,0,0.04,0.12,0.18,0.21,0.24,0.24,,49,0,0,0,0,0,0,1,27,59,76
Natchez,5,1,14,100,0,0.02,0.15,0.4,0.4,0.4,0.4,0.4,0.44,0.44,,28,0,0,0,0.03,0.08,0.19,0.23,0.23,0.26,0.26,,35,0,0,0,0,2,9,24,40,59,60
Natchez,5,2,14,100,0,0.02,0.07,0.15,0.18,0.21,0.23,0.23,0.23,0.23,,28,0,0,0,0.05,0.05,0.13,0.13,0.14,0.14,0.14,,42,0,0,0,0,0,4,32,51,57,76
Natchez,5,3,21,96,0,0,0.07,0.13,0.13,0.14,0.14,0.17,0.17,0.19,,28,0,0,0,0.01,0.08,0.08,0.1,0.13,0.15,0.15,,42,0,0,0,0,0,5,27,43,49,50
Natchez,5,4,14,96,0,0.01,0.18,0.23,0.23,0.26,0.26,0.26,0.28,0.28,,35,0,0,0,0,0.04,0.15,0.2,0.22,0.22,0.24,,42,0,0,0,0,0,1,19,39,59,66
Natchez,5,5,14,100,0,0.06,0.19,0.19,0.22,0.25,0.26,0.3,0.3,0.3,,28,0,0,0,0.13,0.14,0.2,0.2,0.2,0.2,0.23,,35,0,0,0,0,1,13,47,72,78,88
Natchez,5,6,14,62,0,0.02,0.11,0.19,0.24,0.24,0.26,0.27,0.27,0.29,,28,0,0,0,0.05,0.18,0.19,0.23,0.23,0.23,0.24,,49,0,0,0,0,0,0,19,50,64,78
Navaho,0,1,42,99,0,0,0,0,0,0.01,0.01,0.04,0.07,0.09,,,0,0,0,0,0,0,0,0,0,0,,,0,0,0,0,0,0,0,0,0,0
Navaho,0,2,21,100,0,0,0.01,0.01,0.01,0.01,0.01,0.03,0.05,0.06,,63,0,0,0,0,0,0,0,0,0.01,0.01,,63,0,0,0,0,0,0,0,0,1,1
Navaho,0,3,21,100,0,0,0.03,0.05,0.06,0.1,0.11,0.13,0.15,0.15,,63,0,0,0,0,0,0,0,0,0.02,0.02,,,0,0,0,0,0,0,0,0,0,0
Navaho,0,4,28,100,0,0,0,0.01,0.01,0.01,0.05,0.17,0.2,0.21,,,0,0,0,0,0,0,0,0,0,0,,,0,0,0,0,0,0,0,0,0,0
Navaho,0,5,28,95,0,0,0,0.01,0.01,0.01,0.01,0.01,0.01,0.07,,,0,0,0,0,0,0,0,0,0,0,,,0,0,0,0,0,0,0,0,0,0
Navaho,0,6,42,100,0,0,0,0,0,0.01,0.05,0.07,0.14,0.2,,,0,0,0,0,0,0,0,0,0,0,,,0,0,0,0,0,0,0,0,0,0
Navaho,1,1,42,100,0,0,0,0,0,0.01,0.07,0.1,0.11,0.13,,,0,0,0,0,0,0,0,0,0,0,,,0,0,0,0,0,0,0,0,0,0
Navaho,1,2,35,100,0,0,0,0,0.01,0.02,0.05,0.09,0.16,0.16,,,0,0,0,0,0,0,0,0,0,0,,,0,0,0,0,0,0,0,0,0,0
Navaho,1,3,21,100,0,0,0.01,0.02,0.02,0.02,0.1,0.11,0.13,0.13,,,0,0,0,0,0,0,0,0,0,0,,,0,0,0,0,0,0,0,0,0,0
Navaho,1,4,28,100,0,0,0,0.01,0.05,0.1,0.1,0.1,0.11,0.11,,63,0,0,0,0,0,0,0,0,0.03,0.03,,,0,0,0,0,0,0,0,0,0,0
Navaho,1,5,35,100,0,0,0,0,0.04,0.05,0.09,0.1,0.12,0.13,,49,0,0,0,0,0,0,0.01,0,0.01,0.03,,,0,0,0,0,0,0,0,0,0,0
Navaho,1,6,42,78,0,0,0,0,0,0.01,0.05,0.08,0.09,0.13,,70,0,0,0,0,0,0,0,0,0,0.01,,,0,0,0,0,0,0,0,0,0,0
Navaho,2,1,28,100,0,0,0,0.02,0.04,0.07,0.1,0.1,0.11,0.11,,42,0,0,0,0,0,0.01,0.01,0.01,0.01,0.01,,,0,0,0,0,0,0,0,0,0,0
Navaho,2,2,21,100,0,0,0,0,0,0.01,0.07,0.13,0.14,0.14,,,0,0,0,0,0,0,0,0,0,0,,,0,0,0,0,0,0,0,0,0,0
Navaho,2,3,35,100,0,0,0,0,0.01,0.02,0.07,0.12,0.13,0.13,,,0,0,0,0,0,0,0,0,0,0,,,0,0,0,0,0,0,0,0,0,0
Navaho,2,4,49,100,0,0,0,0,0,0,0.02,0.07,0.11,0.11,,,0,0,0,0,0,0,0,0,0,0,,,0,0,0,0,0,0,0,0,0,0
Navaho,2,5,49,100,0,0,0,0,0,0,0.07,0.13,0.2,0.2,,42,0,0,0,0,0,0.02,0.02,0.02,0.02,0.02,,,0,0,0,0,0,0,0,0,0,0
Navaho,2,6,42,100,0,0,0,0,0,0.01,0.05,0.08,0.1,0.1,,,0,0,0,0,0,0,0,0,0,0,,,0,0,0,0,0,0,0,0,0,0
Navaho,3,1,42,100,0,0,0,0,0,0.04,0.05,0.09,0.1,0.11,,70,0,0,0,0,0,0,0,0,0,0.02,,,0,0,0,0,0,0,0,0,0,0
Navaho,3,2,14,100,0,0.01,0.01,0.01,0.04,0.06,0.08,0.13,0.1,0.14,,,0,0,0,0,0,0,0,0,0,0,,,0,0,0,0,0,0,0,0,0,0
Navaho,3,3,28,100,0,0,0,0.03,0.05,0.08,0.1,0.1,0.11,0.18,,56,0,0,0,0,0,0,0,0.01,0.01,0.01,,70,0,0,0,0,0,0,0,0,0,1
Navaho,3,4,49,90,0,0,0,0,0,0,0.09,0.11,0.14,0.14,,,0,0,0,0,0,0,0,0,0,0,,,0,0,0,0,0,0,0,0,0,0
Navaho,3,5,49,90,0,0,0,0,0,0,0.01,0.01,0.03,0.03,,,0,0,0,0,0,0,0,0,0,0,,,0,0,0,0,0,0,0,0,0,0
Navaho,3,6,28,100,0,0,0,0.02,0.02,0.05,0.12,0.13,0.13,0.13,,56,0,0,0,0,0,0,0,0.01,0.01,0.01,,,0,0,0,0,0,0,0,0,0,0
Navaho,4,1,35,103,0,0,0,0,0.03,0.08,0.12,0.13,0.15,0.17,,,0,0,0,0,0,0,0,0,0,0,,,0,0,0,0,0,0,0,0,0,0
Navaho,4,2,21,90,0,0,0.03,0.09,0.12,0.12,0.13,0.13,0.13,0.14,,42,0,0,0,0,0,0.01,0.03,0.06,0.06,0.07,,56,0,0,0,0,0,0,0,1,1,4
Navaho,4,3,35,100,0,0,0,0,0.1,0.12,0.13,0.16,0.17,0.21,,70,0,0,0,0,0,0,0,0,0,0.01,,,0,0,0,0,0,0,0,0,0,0
Navaho,4,4,28,83,0,0,0,0.01,0.02,0.1,0.14,0.14,0.17,0.19,,,0,0,0,0,0,0,0,0,0,0,,,0,0,0,0,0,0,0,0,0,0
Navaho,4,5,28,100,0,0,0,0.01,0.01,0.05,0.06,0.11,0.11,0.12,,70,0,0,0,0,0,0,0,0,0,0.01,,,0,0,0,0,0,0,0,0,0,0
Navaho,4,6,35,100,0,0,0,0,0.02,0.05,0.1,0.1,0.11,0.14,,70,0,0,0,0,0,0,0,0,0,0.01,,,0,0,0,0,0,0,0,0,0,0
Navaho,5,1,21,100,0,0,0.03,0.05,0.11,0.11,0.11,0.11,0.11,0.12,,63,0,0,0,0,0,0,0,0,0.03,0.06,,,0,0,0,0,0,0,0,0,0,0
Navaho,5,2,28,100,0,0,0,0.04,0.04,0.06,0.07,0.08,0.14,0.14,,63,0,0,0,0,0,0,0,0,0.01,0.02,,,0,0,0,0,0,0,0,0,0,0
Navaho,5,3,28,88,0,0,0,0.01,0.01,0.05,0.08,0.1,0.11,0.16,,63,0,0,0,0,0,0,0,0,0.02,0.06,,,0,0,0,0,0,0,0,0,0,0
Navaho,5,4,21,100,0,0,0.02,0.04,0.05,0.09,0.11,0.11,0.12,0.14,,56,0,0,0,0,0,0,0,0.01,0.01,0.03,,,0,0,0,0,0,0,0,0,0,0
Navaho,5,5,28,100,0,0,0,0.05,0.08,0.09,0.11,0.11,0.14,0.16,,,0,0,0,0,0,0,0,0,0,0,,,0,0,0,0,0,0,0,0,0,0
Navaho,5,6,14,94,0,0.02,0.1,0.12,0.12,0.12,0.12,0.13,0.13,0.13,,35,0,0,0,0,0.02,0.02,0.03,0.04,0.04,0.06,,56,0,0,0,0,0,0,0,1,3,3
Ouachita,0,1,35,100,0,0,0,0,0.01,0.03,0.03,0.07,0.09,0.14,,56,0,0,0,0,0,0,0,0.01,0.01,0.02,,,0,0,0,0,0,0,0,0,0,0
Ouachita,0,2,21,100,0,0,0.01,0.06,0.07,0.13,0.18,0.22,0.22,0.22,,70,0,0,0,0,0,0,0,0,0,0.03,,,0,0,0,0,0,0,0,0,0,0
Ouachita,0,3,35,100,0,0,0,0,0.01,0.01,0.03,0.11,0.16,0.19,,63,0,0,0,0,0,0,0,0,0,0.02,,63,0,0,0,0,0,0,0,0,0,0
Ouachita,0,4,21,102,0,0,0.01,0.04,0.05,0.05,0.07,0.11,0.13,0.13,,63,0,0,0,0,0,0,0,0,0.02,0.02,,,0,0,0,0,0,0,0,0,0,0
Ouachita,0,5,42,100,0,0,0,0,0,0.04,0.05,0.12,0.16,0.16,,70,0,0,0,0,0,0,0,0,0,0.01,,,0,0,0,0,0,0,0,0,0,0
Ouachita,0,6,28,100,0,0,0,0.01,0.02,0.03,0.04,0.05,0.08,0.08,,70,0,0,0,0,0,0,0,0,0,0.03,,,0,0,0,0,0,0,0,0,0,0
Ouachita,1,1,28,100,0,0,0,0.01,0.04,0.08,0.12,0.11,0.11,0.12,,56,0,0,0,0,0,0,0,0.03,0.03,0.05,,63,0,0,0,0,0,0,0,0,2,6
Ouachita,1,2,35,100,0,0,0,0,0.01,0.02,0.04,0.11,0.12,0.13,,56,0,0,0,0,0,0,0,0.01,0.02,0.02,,,0,0,0,0,0,0,0,0,0,0
Ouachita,1,3,35,100,0,0,0,0,0.01,0.02,0.05,0.05,0.09,0.15,,63,0,0,0,0,0,0,0,0,0.01,0.01,,,0,0,0,0,0,0,0,0,0,0
Ouachita,1,4,42,100,0,0,0,0,0,0.01,0.02,0.09,0.13,0.16,,,0,0,0,0,0,0,0,0,0,0,,,0,0,0,0,0,0,0,0,0,0
Ouachita,1,5,49,100,0,0,0,0,0,0,0.01,0.06,0.12,0.17,,63,0,0,0,0,0,0,0,0,0.01,0.01,,,0,0,0,0,0,0,0,0,0,0
Ouachita,1,6,28,100,0,0,0,0.01,0.02,0.03,0.16,0.19,0.19,0.21,,,0,0,0,0,0,0,0,0,0,0,,,0,0,0,0,0,0,0,0,0,0
Ouachita,2,1,14,100,0,0.01,0.01,0.01,0.1,0.14,0.14,0.16,0.16,0.22,,63,0,0,0,0,0,0,0,0,0.01,0.04,,70,0,0,0,0,0,0,0,0,0,1
Ouachita,2,2,35,100,0,0,0,0,0.02,0.08,0.15,0.17,0.17,0.18,,56,0,0,0,0,0,0,0,0.01,0.04,0.06,,70,0,0,0,0,0,0,0,0,0,2
Ouachita,2,3,21,100,0,0,0.07,0.07,0.14,0.14,0.16,0.16,0.19,0.18,,49,0,0,0,0,0,0,0.01,0.04,0.06,0.08,,63,0,0,0,0,0,0,0,0,2,13
Ouachita,2,4,21,89,0,0,0.01,0.01,0.04,0.09,0.11,0.11,0.15,0.11,,56,0,0,0,0,0,0,0,0.02,0.04,0.04,,,0,0,0,0,0,0,0,0,0,0
Ouachita,2,5,35,100,0,0,0,0,0.01,0.03,0.07,0.19,0.22,0.24,,63,0,0,0,0,0,0,0,0,0.04,0.06,,,0,0,0,0,0,0,0,0,0,0
Ouachita,2,6,7,100,0.01,0.01,0.01,0.06,0.09,0.16,0.21,0.21,0.24,0.24,,49,0,0,0,0,0,0,0.03,0.05,0.06,0.09,,63,0,0,0,0,0,0,0,0,2,13
Ouachita,3,1,28,69,0,0,0,0.04,0.17,0.28,0.28,0.28,0.28,0.28,,49,0,0,0,0,0,0,0.06,0.06,0.13,0.14,,63,0,0,0,0,0,0,0,0,5,9
Ouachita,3,2,35,67,0,0,0,0,0.06,0.07,0.18,0.18,0.18,0.18,,49,0,0,0,0,0,0,0.06,0.06,0.07,0.1,,63,0,0,0,0,0,0,0,0,1,7
Ouachita,3,3,14,100,0,0.01,0.01,0.01,0.03,0.1,0.17,0.18,0.18,0.18,,35,0,0,0,0,0.02,0.02,0.02,0.02,0.05,0.08,,70,0,0,0,0,0,0,0,0,0,1
Ouachita,3,4,28,100,0,0,0,0.04,0.11,0.11,0.11,0.12,0.12,0.12,,42,0,0,0,0,0,0.03,0.05,0.08,0.1,0.1,,63,0,0,0,0,0,0,0,0,13,25
Ouachita,3,5,14,94,0,0.01,0.01,0.04,0.1,0.12,0.18,0.18,0.18,0.2,,49,0,0,0,0,0,0,0.03,0.07,0.1,0.1,,63,0,0,0,0,0,0,0,0,3,12
Ouachita,3,6,28,100,0,0,0,0.04,0.09,0.13,0.18,0.21,0.21,0.21,,49,0,0,0,0,0,0,0.04,0.08,0.08,0.11,,63,0,0,0,0,0,0,0,0,3,21
Ouachita,4,1,21,100,0,0,0.11,0.26,0.32,0.32,0.32,0.32,0.34,0.34,,42,0,0,0,0,0,0.07,0.07,0.13,0.13,0.16,,56,0,0,0,0,0,0,0,11,11,27
Ouachita,4,2,14,100,0,0.01,0.01,0.01,0.06,0.09,0.09,0.09,0.09,0.1,,49,0,0,0,0,0,0,0.04,0.05,0.05,0.06,,70,0,0,0,0,0,0,0,0,0,13
Ouachita,4,3,28,100,0,0,0,0.06,0.11,0.19,0.19,0.2,0.2,0.2,,49,0,0,0,0,0,0,0.07,0.09,0.09,0.09,,56,0,0,0,0,0,0,0,1,11,18
Ouachita,4,4,28,100,0,0,0,0.01,0.05,0.11,0.27,0.27,0.27,0.29,,42,0,0,0,0,0,0.01,0.08,0.09,0.13,0.15,,63,0,0,0,0,0,0,0,0,10,16
Ouachita,4,5,28,100,0,0,0,0.07,0.17,0.24,0.25,0.25,0.25,0.25,,42,0,0,0,0,0,0.03,0.08,0.1,0.11,0.11,,56,0,0,0,0,0,0,0,2,11,34
Ouachita,4,6,21,100,0,0,0.01,0.11,0.2,0.2,0.24,0.24,0.27,0.28,,42,0,0,0,0,0,0.03,0.05,0.05,0.09,0.11,,56,0,0,0,0,0,0,0,1,7,22
Ouachita,5,1,21,100,0,0,0.03,0.14,0.14,0.17,0.17,0.19,0.19,0.2,,42,0,0,0,0,0,0.05,0.1,0.12,0.12,0.14,,49,0,0,0,0,0,0,1,10,32,46
Ouachita,5,2,14,100,0,0.02,0.11,0.24,0.24,0.27,0.28,0.31,0.31,0.32,,35,0,0,0,0,0.09,0.14,0.17,0.17,0.17,0.17,,49,0,0,0,0,0,0,9,29,62,76
Ouachita,5,3,21,100,0,0,0.02,0.11,0.15,0.2,0.21,0.21,0.25,0.25,,42,0,0,0,0,0,0.02,0.05,0.09,0.11,0.12,,56,0,0,0,0,0,0,0,2,16,28
Ouachita,5,4,14,81,0,0.01,0.11,0.12,0.23,0.33,0.33,0.33,0.35,0.35,,35,0,0,0,0,0.02,0.06,0.09,0.09,0.09,0.14,,49,0,0,0,0,0,0,1,10,29,41
Ouachita,5,5,14,100,0,0.01,0.08,0.18,0.29,0.29,0.31,0.31,0.31,0.34,,28,0,0,0,0,0,0.08,0.1,0.12,0.15,0.21,,28,0,0,0,0,0,0,1,10,24,43
Ouachita,5,6,21,100,0,0,0.07,0.16,0.21,0.22,0.24,0.25,0.25,0.25,,42,0,0,0,0,0,0.09,0.11,0.11,0.12,0.12,,49,0,0,0,0,0,0,2,13,43,61
Ponca,0,1,63,100,0,0,0,0,0,0,0,0,0.04,0.12,,,0,0,0,0,0,0,0,0,0,0,,,0,0,0,0,0,0,0,0,0,0
Ponca,0,2,21,85,0,0,0.01,0.01,0.01,0.01,0.01,0.02,0.02,0.05,,,0,0,0,0,0,0,0,0,0,0,,,0,0,0,0,0,0,0,0,0,0
Ponca,0,3,28,94,0,0,0,0.01,0.01,0.01,0.01,0.02,0.04,0.07,,,0,0,0,0,0,0,0,0,0,0,,,0,0,0,0,0,0,0,0,0,0
Ponca,0,4,28,100,0,0,0,0.02,0.04,0.04,0.06,0.11,0.11,0.12,,63,0,0,0,0,0,0,0,0,0,0,,63,0,0,0,0,0,0,0,0,0,0
Ponca,0,5,63,100,0,0,0,0,0,0,0,0,0.01,0.02,,,0,0,0,0,0,0,0,0,0,0,,,0,0,0,0,0,0,0,0,0,0
Ponca,0,6,56,94,0,0,0,0,0,0,0,0.03,0.03,0.09,,,0,0,0,0,0,0,0,0,0,0,,,0,0,0,0,0,0,0,0,0,0
Ponca,1,1,49,100,0,0,0,0,0,0,0.01,0.03,0.04,0.04,,,0,0,0,0,0,0,0,0,0,0,,,0,0,0,0,0,0,0,0,0,0
Ponca,1,2,35,100,0,0,0,0,0.01,0.02,0.04,0.08,0.1,0.1,,70,0,0,0,0,0,0,0,0,0,0.02,,,0,0,0,0,0,0,0,0,0,0
Ponca,1,3,49,61,0,0,0,0,0,0,0.05,0.03,0.07,0.07,,,0,0,0,0,0,0,0,0,0,0,,,0,0,0,0,0,0,0,0,0,0
Ponca,1,4,56,100,0,0,0,0,0,0,0,0.03,0.1,0.1,,63,0,0,0,0,0,0,0,0,0.01,0.01,,,0,0,0,0,0,0,0,0,0,0
Ponca,1,5,56,64,0,0,0,0,0,0,0,0.05,0.08,0.09,,,0,0,0,0,0,0,0,0,0,0,,,0,0,0,0,0,0,0,0,0,0
Ponca,1,6,49,85,0,0,0,0,0,0,0.01,0.02,0.02,0.04,,,0,0,0,0,0,0,0,0,0,0,,,0,0,0,0,0,0,0,0,0,0
Ponca,2,1,7,100,0.01,0.01,0.01,0.01,0.01,0.01,0.04,0.05,0.06,0.06,,,0,0,0,0,0,0,0,0,0,0,,,0,0,0,0,0,0,0,0,0,0
Ponca,2,2,56,92,0,0,0,0,0,0,0,0.07,0.08,0.09,,,0,0,0,0,0,0,0,0,0,0,,,0,0,0,0,0,0,0,0,0,0
Ponca,2,3,42,100,0,0,0,0,0,0.01,0.05,0.1,0.11,0.11,,42,0,0,0,0,0,0.01,0.01,0.01,0.01,0.01,,,0,0,0,0,0,0,0,0,0,0
Ponca,2,4,56,102,0,0,0,0,0,0,0,0.02,0.05,0.1,,,0,0,0,0,0,0,0,0,0,0,,,0,0,0,0,0,0,0,0,0,0
Ponca,2,5,7,100,0.01,0.01,0.01,0.01,0.01,0.01,0.01,0.02,0.06,0.09,,,0,0,0,0,0,0,0,0,0,0,,,0,0,0,0,0,0,0,0,0,0
Ponca,2,6,7,100,0.01,0.01,0.01,0.03,0.03,0.04,0.05,0.05,0.06,0.08,,42,0,0,0,0,0,0.02,0.02,0.02,0.02,0.03,,,0,0,0,0,0,0,0,0,0,0
Ponca,3,1,14,100,0,0.01,0.01,0.01,0.04,0.06,0.08,0.09,0.09,0.11,,56,0,0,0,0,0,0,0,0.01,0.03,0.03,,,0,0,0,0,0,0,0,0,0,0
Ponca,3,2,42,100,0,0,0,0,0,0.02,0.02,0.04,0.09,0.11,,70,0,0,0,0,0,0,0,0,0,0.02,,,0,0,0,0,0,0,0,0,0,0
Ponca,3,3,14,79,0,0.01,0.04,0.05,0.13,0.16,0.16,0.16,0.2,0.18,,49,0,0,0,0,0,0,0.04,0.08,0.09,0.13,,63,0,0,0,0,0,0,0,0,1,10
Ponca,3,4,28,100,0,0,0,0.01,0.08,0.16,0.17,0.19,0.21,0.21,,56,0,0,0,0,0,0,0,0.02,0.04,0.05,,,0,0,0,0,0,0,0,0,0,0
Ponca,3,5,14,73,0,0.01,0.01,0.01,0.08,0.19,0.3,0.33,0.34,0.34,,49,0,0,0,0,0,0,0.01,0.01,0.05,0.11,,63,0,0,0,0,0,0,0,0,1,2
Ponca,3,6,35,100,0,0,0,0,0.01,0.05,0.08,0.08,0.08,0.12,,56,0,0,0,0,0,0,0,0.01,0.01,0.05,,,0,0,0,0,0,0,0,0,0,0
Ponca,4,1,21,100,0,0,0.02,0.03,0.08,0.16,0.17,0.2,0.23,0.23,,56,0,0,0,0,0,0,0,0.03,0.08,0.12,,,0,0,0,0,0,0,0,0,0,0
Ponca,4,2,28,100,0,0,0,0.03,0.12,0.17,0.17,0.19,0.21,0.24,,49,0,0,0,0,0,0,0.02,0.04,0.05,0.12,,70,0,0,0,0,0,0,0,0,0,6
Ponca,4,3,21,100,0,0,0.01,0.04,0.09,0.12,0.12,0.13,0.14,0.15,,42,0,0,0,0,0,0.01,0.02,0.06,0.06,0.08,,63,0,0,0,0,0,0,0,0,1,8
Ponca,4,4,21,93,0,0,0.04,0.05,0.05,0.1,0.13,0.13,0.14,0.17,,42,0,0,0,0,0,0.01,0.03,0.03,0.05,0.1,,56,0,0,0,0,0,0,0,1,6,14
Ponca,4,5,21,100,0,0,0.01,0.01,0.1,0.13,0.15,0.18,0.2,0.2,,49,0,0,0,0,0,0,0.02,0.03,0.09,0.16,,63,0,0,0,0,0,0,0,0,2,3
Ponca,4,6,35,100,0,0,0,0,0.04,0.11,0.14,0.14,0.18,0.18,,56,0,0,0,0,0,0,0,0.03,0.08,0.09,,70,0,0,0,0,0,0,0,0,0,6
Ponca,5,1,28,100,0,0,0,0.06,0.11,0.11,0.11,0.12,0.12,0.12,,49,0,0,0,0,0,0,0.04,0.05,0.05,0.05,,,0,0,0,0,0,0,0,0,0,0
Ponca,5,2,21,100,0,0,0.06,0.13,0.18,0.2,0.2,0.2,0.22,0.25,,56,0,0,0,0,0,0,0,0.09,0.13,0.13,,56,0,0,0,0,0,0,0,1,6,18
Ponca,5,3,21,81,0,0,0.01,0.15,0.25,0.27,0.32,0.32,0.35,0.35,,42,0,0,0,0,0,0.04,0.05,0.07,0.15,0.15,,63,0,0,0,0,0,0,0,0,8,22
Ponca,5,4,35,100,0,0,0,0,0.03,0.12,0.13,0.13,0.16,0.16,,56,0,0,0,0,0,0,0,0.06,0.12,0.15,,63,0,0,0,0,0,0,0,0,2,10
Ponca,5,5,21,100,0,0,0.06,0.2,0.22,0.22,0.22,0.22,0.26,0.26,,35,0,0,0,0,0.01,0.06,0.06,0.15,0.15,0.16,,49,0,0,0,0,0,0,1,9,14,49
Ponca,5,6,21,69,0,0,0.03,0.14,0.3,0.32,0.32,0.32,0.39,0.39,,42,0,0,0,0,0,0.06,0.07,0.16,0.2,0.2,,49,0,0,0,0,0,0,1,6,21,21
Von,0,1,49,100,0,0,0,0,0,0,0.03,0.03,0.03,0.06,,,0,0,0,0,0,0,0,0,0,0,,,0,0,0,0,0,0,0,0,0,0
Von,0,2,56,93,0,0,0,0,0,0,0,0.04,0.09,0.09,,63,0,0,0,0,0,0,0,0,0.01,0.02,,70,0,0,0,0,0,0,0,0,0,1
Von,0,3,56,87,0,0,0,0,0,0,0,0.02,0.03,0.07,,,0,0,0,0,0,0,0,0,0,0,,,0,0,0,0,0,0,0,0,0,0
Von,0,4,49,100,0,0,0,0,0,0,0.01,0.01,0.01,0.02,,63,0,0,0,0,0,0,0,0,0,0,,63,0,0,0,0,0,0,0,0,0,0
Von,0,5,,100,0,0,0,0,0,0,0,0,0,0,,,0,0,0,0,0,0,0,0,0,0,,,0,0,0,0,0,0,0,0,0,0
Von,0,6,56,100,0,0,0,0,0,0,0,0.01,0.03,0.07,,,0,0,0,0,0,0,0,0,0,0,,,0,0,0,0,0,0,0,0,0,0
Von,1,1,56,100,0,0,0,0,0,0,0,0.01,0.05,0.06,,,0,0,0,0,0,0,0,0,0,0,,,0,0,0,0,0,0,0,0,0,0
Von,1,2,42,100,0,0,0,0,0,0.02,0.05,0.07,0.13,0.13,,70,0,0,0,0,0,0,0,0,0,0.01,,,0,0,0,0,0,0,0,0,0,0
Von,1,3,28,91,0,0,0,0.01,0.01,0.02,0.02,0.03,0.09,0.15,,,0,0,0,0,0,0,0,0,0,0,,,0,0,0,0,0,0,0,0,0,0
Von,1,4,42,90,0,0,0,0,0,0.01,0.02,0.07,0.09,0.12,,,0,0,0,0,0,0,0,0,0,0,,,0,0,0,0,0,0,0,0,0,0
Von,1,5,42,100,0,0,0,0,0,0.01,0.01,0.04,0.09,0.14,,,0,0,0,0,0,0,0,0,0,0,,,0,0,0,0,0,0,0,0,0,0
Von,1,6,49,100,0,0,0,0,0,0,0.01,0.03,0.08,0.15,,,0,0,0,0,0,0,0,0,0,0,,,0,0,0,0,0,0,0,0,0,0
Von,2,1,7,100,0.01,0.01,0.01,0.01,0.01,0.04,0.09,0.1,0.13,0.2,,70,0,0,0,0,0,0,0,0,0,0.01,,,0,0,0,0,0,0,0,0,0,0
Von,2,2,49,100,0,0,0,0,0,0,0.01,0.02,0.04,0.08,,,0,0,0,0,0,0,0,0,0,0,,,0,0,0,0,0,0,0,0,0,0
Von,2,3,7,82,0.01,0.01,0.01,0.01,0.01,0.01,0.01,0.01,0.02,0.06,,,0,0,0,0,0,0,0,0,0,0,,,0,0,0,0,0,0,0,0,0,0
Von,2,4,63,71,0,0,0,0,0,0,0,0,0.08,0.14,,,0,0,0,0,0,0,0,0,0,0,,,0,0,0,0,0,0,0,0,0,0
Von,2,5,42,98,0,0,0,0,0,0.01,0.05,0.09,0.14,0.15,,42,0,0,0,0,0,0.01,0.01,0.01,0.01,0.01,,,0,0,0,0,0,0,0,0,0,0
Von,2,6,21,100,0,0,0.01,0.01,0.01,0.01,0.01,0.01,0.07,0.15,,,0,0,0,0,0,0,0,0,0,0,,,0,0,0,0,0,0,0,0,0,0
Von,3,1,14,89,0,0.01,0.01,0.02,0.07,0.15,0.15,0.17,0.19,0.24,,49,0,0,0,0,0,0,0.02,0.07,0.09,0.1,,63,0,0,0,0,0,0,0,0,1,3
Von,3,2,14,100,0,0.01,0.01,0.01,0.01,0.02,0.07,0.1,0.1,0.13,,70,0,0,0,0,0,0,0,0,0,0.01,,,0,0,0,0,0,0,0,0,0,0
Von,3,3,14,100,0,0.01,0.01,0.01,0.01,0.01,0.04,0.07,0.12,0.13,,49,0,0,0,0,0,0,0.02,0.02,0.02,0.02,,70,0,0,0,0,0,0,0,0,0,1
Von,3,4,42,95,0,0,0,0,0,0.01,0.08,0.11,0.14,0.14,,70,0,0,0,0,0,0,0,0,0,0.03,,,0,0,0,0,0,0,0,0,0,0
Von,3,5,35,97,0,0,0,0,0.02,0.05,0.09,0.14,0.14,0.21,,56,0,0,0,0,0,0,0,0.01,0.02,0.02,,,0,0,0,0,0,0,0,0,0,0
Von,3,6,28,60,0,0,0,0.02,0.03,0.07,0.15,0.17,0.18,0.18,,28,0,0,0,0.02,0.02,0.02,0.02,0.02,0.02,0.02,,,0,0,0,0,0,0,0,0,0,0
Von,4,1,35,100,0,0,0,0,0.01,0.08,0.11,0.13,0.11,0.14,,49,0,0,0,0,0,0,0.05,0.05,0.07,0.1,,63,0,0,0,0,0,0,0,0,1,5
Von,4,2,28,87,0,0,0,0.03,0.06,0.15,0.15,0.15,0.16,0.21,,49,0,0,0,0,0,0,0.02,0.03,0.07,0.09,,70,0,0,0,0,0,0,0,0,0,5
Von,4,3,28,100,0,0,0,0.01,0.05,0.11,0.13,0.18,0.18,0.21,,56,0,0,0,0,0,0,0,0.01,0.05,0.07,,70,0,0,0,0,0,0,0,0,0,1
Von,4,4,42,82,0,0,0,0,0,0.01,0.07,0.09,0.15,0.24,,63,0,0,0,0,0,0,0,0,0.02,0.09,,,0,0,0,0,0,0,0,0,0,0
Von,4,5,35,100,0,0,0,0,0.04,0.08,0.12,0.12,0.17,0.21,,56,0,0,0,0,0,0,0,0.03,0.04,0.05,,70,0,0,0,0,0,0,0,0,0,1
Von,4,6,42,79,0,0,0,0,0,0.01,0.05,0.09,0.11,0.23,,70,0,0,0,0,0,0,0,0,0,0.05,,,0,0,0,0,0,0,0,0,0,0
Von,5,1,28,69,0,0,0,0.04,0.14,0.19,0.19,0.22,0.22,0.22,,49,0,0,0,0,0,0,0.04,0.07,0.14,0.17,,63,0,0,0,0,0,0,0,0,2,6
Von,5,2,28,100,0,0,0,0.06,0.13,0.23,0.23,0.23,0.25,0.25,,28,0,0,0,0,0,0.02,0.02,0.05,0.1,0.12,,28,0,0,0,0,0,0,0,0,3,9
Von,5,3,14,88,0,0.01,0.03,0.07,0.11,0.14,0.16,0.17,0.2,0.2,,49,0,0,0,0,0,0,0.01,0.03,0.1,0.1,,63,0,0,0,0,0,0,0,0,3,26
Von,5,4,28,95,0,0,0,0.05,0.13,0.13,0.13,0.16,0.21,0.29,,56,0,0,0,0,0,0,0,0.02,0.03,0.08,,63,0,0,0,0,0,0,0,0,2,5
Von,5,5,21,100,0,0,0.01,0.08,0.21,0.21,0.21,0.25,0.25,0.25,,35,0,0,0,0,0.01,0.03,0.07,0.07,0.1,0.11,,63,0,0,0,0,0,0,0,0,12,18
Von,5,6,28,60,0,0,0,0.03,0.1,0.17,0.18,0.2,0.2,0.2,,42,0,0,0,0,0,0.02,0.02,0.08,0.15,0.15,,63,0,0,0,0,0,0,0,0,1,3
